<?xml version="1.0" encoding="UTF-8" standalone="yes"?>
<addon id="plugin.ghayyas.emasti" name="Emasti Addon" version="0.0.1" provider-name="Ghayyas Mubashir">
    <requires>
        <import addon="xbmc.python" version="2.25.0"/>
        <import addon="script.module.routing" version="0.2.0"/>

    </requires>
    <extension point="xbmc.python.pluginsource" library="main.py">
        <provides>video</provides>
    </extension>
    <extension point="xbmc.addon.metadata">
        <summary lang="en_GB">Runs Vedios on Emasti for Dream net users</summary>
        <description lang="en_GB"></description>
        <language></language>
        <platform>all</platform>
        <license>MIT</license>
        <forum></forum>
        <website>www.teamclouders.com</website>
        <email>ghayyasmubashir@gmail.com</email>
        <source></source>
        <news></news>
        <disclaimer></disclaimer>
        <assets>
            <icon>resources/icon.png</icon>
            <fanart>resources/fanart.jpg</fanart>
        </assets>
    </extension>
</addon>
